id,created_at,favorites,retweets,retweeted,source,text
836754740105064448,3/1,0,2286,FALSE,Twitter for iPhone,RT @VP: Karen and I on our way to hear @POTUS speak directly to America about his optimistic vision. WATCH: https://t.co/xkAkG9LbWa #JointA‚Ä¶
836757215763697664,3/1,10849,1552,FALSE,Twitter for iPhone,"#JointSession #MAGA
https://t.co/DcUUhLyFRU"
836760638416437248,3/1,22778,4574,FALSE,TweetDeck,We are a country that stands united in condemning hate and evil in all of its very ugly forms. #JointAddress
836760755001249792,3/1,22047,3930,FALSE,TweetDeck,"I am here tonight to deliver a message of unity and strength, and it is a message deeply delivered from my heart. #JointAddress"
836760865739325442,3/1,21264,3782,FALSE,TweetDeck,A surge of optimism is placing impossible dreams firmly within our grasp. What we are witnessing today is the Renewal of the #AmericanSpirit
836760999843758082,3/1,0,2298,FALSE,TweetDeck,RT @WhiteHouse: This is the #AmericanSpirit. #JointAddress https://t.co/OgllGrPTe9
836761614594555904,3/1,26326,5399,FALSE,TweetDeck,"America must put its own citizens first, because only then can we truly Make America Great Again! #JointAddress #AmericanSpirit"
836761877388603393,3/1,23079,3985,FALSE,TweetDeck,"Above all else, we will keep our promises to the American People. #JointAddress #AmericanSpirit"
836762913545334785,3/1,0,2562,FALSE,TweetDeck,RT @WhiteHouse: Fighting for American Workers #JointAddress #AmericanSpirit https://t.co/jwh7SgW7Og
836763116058918912,3/1,21376,3480,FALSE,TweetDeck,I have issued a new directive that American pipelines must be made with American steel. #JointAddress #AmericanSpirit
836763411027472384,3/1,27008,4664,FALSE,TweetDeck,"We will stop the drugs from pouring into our country &amp; poisoning our youth, and we will expand treatment for those who have become addicted."
836763740028678148,3/1,20812,3559,FALSE,TweetDeck,My Administration has answered the pleas of the American people for immigration enforcement and border security. #JointAddress
836763907566026752,3/1,24662,4552,FALSE,TweetDeck,"As we speak, we are removing gang members, drug dealers and criminals that threaten our communities and prey on our citizens. #JointAddress"
836764295513927680,3/1,26166,5750,FALSE,TweetDeck,"It is not compassionate, but reckless, to allow uncontrolled entry from places where proper vetting cannot occur. #JointAddress"
836765395608604674,3/1,21133,4395,FALSE,TweetDeck,"In the last 8 years, the past Administration has put on more new debt than nearly all other Presidents combined. #JointAddress"
836765563854651393,3/1,19822,3122,FALSE,TweetDeck,Solving these problems will require us to tap into the #AmericanSpirit that has overcome every challenge throughout our storied history.
836765640383922177,3/1,29047,4698,FALSE,TweetDeck,"We must restart the engine of the American economy, making it easier for companies to do business in the US &amp; much harder for them to leave!"
836765872991633408,3/1,27026,4442,FALSE,TweetDeck,My team is developing historic tax reform that will reduce the tax rate on our companies &amp; provide massive tax relief for the middle class.
836766505899544576,3/1,29232,4851,FALSE,TweetDeck,"I believe in free trade, but it also must be FAIR TRADE. I'm not going to let our great companies and workers be taken advantage of anymore!"
836767582208274432,3/1,29899,5285,FALSE,TweetDeck,"The time has come for a new program of national rebuilding that will be guided by two core principles: Buy American, and Hire American!"
836767771790819330,3/1,33566,5824,FALSE,TweetDeck,"I am calling on Congress to REPEAL &amp; REPLACE OBAMACARE with reforms that expand choice, increase access, lower costs &amp; provide better care."
836768336163799040,3/1,24668,4053,FALSE,TweetDeck,"Obamacare is collapsing ‚Äì and we must act decisively to protect all Americans. Action is not a choice, it is a necessity. #JointAddress"
836768610014138368,3/1,26477,4114,FALSE,TweetDeck,We must ensure that Americans with pre-existing conditions have access to coverage. #JointAddress
836769181588676608,3/1,25743,4233,FALSE,TweetDeck,The time has come to give Americans the freedom to purchase health insurance across state lines! #JointAddress
836769839163277312,3/1,0,4027,FALSE,TweetDeck,"RT @WhiteHouse: ""Our citizens deserve this, and so much more - so why not join forces to finally get it done?"" #JointAddress https://t.co/r‚Ä¶"
836770458624208897,3/1,35132,6305,FALSE,TweetDeck,Education is the civil rights issue of our time. I am calling for an education bill that funds school choice for disadvantaged youth.
836770881179385859,3/1,41366,7303,FALSE,TweetDeck,"EVERY American child should be able to grow up in a safe community, to attend a great school, and to have access to a high-paying job."
836771138244083717,3/1,38257,7630,FALSE,TweetDeck,We must support the incredible men and women of law enforcement. #JointAddress #AmericanSpirit
836772084445507584,3/1,37847,7036,FALSE,TweetDeck,We must provide the men and women of the U.S. Military with the tools they need to prevent war and ‚Äì if they must ‚Äì TO FIGHT AND TO WIN.
836772393720897536,3/1,35457,6858,FALSE,TweetDeck,My budget will increase funding for our Veterans. Our Veterans have delivered for this nation. Now we MUST deliver for them. #JointAddress
836773012884049921,3/1,38885,7186,FALSE,TweetDeck,Ryan‚Äôs legacy is etched into eternity. #AmericanSpirit
836774309192478720,3/1,38985,7589,FALSE,TweetDeck,"We want harmony and stability, not war and conflict. We want peace, wherever peace can be found. #JointAddress #AmericanSpirit"
836774679562043392,3/1,36273,6482,FALSE,TweetDeck,Think of the marvels we can achieve if we simply set free the dreams of our people. #AmericanSpirit #JointAddress
836774995279892480,3/1,130328,39941,FALSE,TweetDeck,"We are one people, with one destiny.

We all bleed the same blood.

We all salute the same flag.

And we are all made by the same God."
836775337342160896,3/1,53804,11111,FALSE,TweetDeck,I am asking all citizens to embrace this Renewal of the #AmericanSpirit. #JointAddress
836780803245944833,3/1,54379,11786,FALSE,TweetDeck,A new chapter of American Greatness is now beginning. #AmericanSpirit
836965783775367172,3/1,39666,8194,FALSE,Twitter for iPhone,"THANK YOU!
https://t.co/3MKdgMsNIM"
836978465870086144,3/1,33529,6364,FALSE,TweetDeck,"Congratulations to our new Secretary of @Interior, Ryan Zinke! https://t.co/j4Tqcl5hmQ"
837007578055979012,3/1,0,5289,FALSE,Twitter for iPhone,RT @WhiteHouse: ICYMI: Watch @POTUS Trump's #JointAddress to Congress https://t.co/zT56mxV2St
837445213249470469,3/2,55176,11110,FALSE,Twitter Web Client,"Congratulations to our new Secretary of @HUDgov, Dr. Ben Carson! https://t.co/VhwZWxoxV3"
837445887580385280,3/2,42476,8022,FALSE,Twitter Web Client,"Congratulations to our new Secretary of @ENERGY, Rick Perry! https://t.co/gt7VWGrmu7"
837520606262349824,3/3,31825,5966,FALSE,Twitter for iPhone,Jeff Sessions is an honest man. He did not say anything wrong. He could have stated his....https://t.co/woEQgNejjK
837538265796235264,3/3,0,4303,FALSE,Twitter for iPhone,RT @USNavy: .@POTUS visits #USNavy's future  #USSGeraldRFord #CVN78 - https://t.co/E16tCVq3tK https://t.co/Qw26T5lexd
837683101266493440,3/3,0,2378,FALSE,Twitter Web Client,RT @WhiteHouse: Watch @POTUS Trump's Weekly Address today at 11:00am EST: https://t.co/vi7eJ7Wi3E https://t.co/KZFHqXkwME
837694901789818880,3/3,19662,4430,FALSE,TweetDeck,"Watch my Weekly Address: 

https://t.co/VqJZUBUJpr

Enjoy! https://t.co/6KA9Zr7IHs"
837770710655381504,3/3,45420,13774,FALSE,Twitter for iPhone,"I hereby demand a second investigation, after Schumer, of Pelosi for her close ties to Russia, and lying about it. https://t.co/ZLTxCuY9qU"
837788844573483008,3/3,54057,14866,FALSE,Twitter for iPhone,MAKE AMERICA GREAT AGAIN! https://t.co/O08AlsWQzu
837799383139770368,3/3,21329,3960,FALSE,Twitter for iPhone,#ICYMI- join me on the soon to be commissioned #USSGeraldRFord. You can watch here: https://t.co/MTMfLbed3q https://t.co/H64lSJ8Wuq
838897786892468225,3/6,32143,6770,FALSE,Twitter for iPhone,"There is an incredible spirit of optimism sweeping the country right now‚Äîwe're bringing back the JOBS!
Watch:‚Ä¶ https://t.co/srsZd8owBa"
838908081643859968,3/7,37025,10034,FALSE,Twitter for iPhone,"House just introduced the bill to #RepealAndReplace #Obamacare. Time to end this nightmare. 
https://t.co/z4A27JwaXX"
839099211266285568,3/7,33248,8444,FALSE,Twitter for iPhone,"122 vicious prisoners, released by the Obama Administration from Gitmo, have returned to the battlefield. Just another terrible decision!"
839099397900288002,3/7,25913,4606,FALSE,Twitter for iPhone,Our wonderful new Healthcare Bill is now out for review and negotiation. #ObamaCare is a complete and total disaster - is imploding fast!
839100602038763521,3/7,27927,6163,FALSE,Twitter for iPhone,"A new chapter of AMERICAN GREATNESS is now beginning. Together, we will MAKE AMERICA GREAT AGAIN!‚Ä¶ https://t.co/NSbJ6N93GM"
839132604444131330,3/7,47020,9781,FALSE,Twitter for iPhone,"Don't let the FAKE NEWS tell you that there is big infighting in the Trump Admin. We are getting along great, and getting major things done!"
839210736450748417,3/7,34432,10230,FALSE,Twitter Web Client,#ConfirmGorsuch #SCOTUS https://t.co/cst1KtlUcY
839268685940461569,3/8,30176,5527,FALSE,Twitter for iPhone,I feel sure that my friend @RandPaul will come along with the new and great health care program because he knows Obamacare is a disaster!
839434246368477184,3/8,41020,7132,FALSE,Twitter for iPhone,I have tremendous respect for women and the many roles they serve that are vital to the fabric of our society and our economy.
839434396717432832,3/8,30841,6075,FALSE,Twitter for iPhone,"On International Women's Day, join me in honoring the critical role of women here in America &amp; around the world. https://t.co/eAbd9OiUl5"
839502021262725120,3/8,29119,7110,FALSE,Twitter for iPhone,U.S. private sector job creation surging with nearly 300K created last month. Much more than expected! https://t.co/XYf0Sc4eqG
839582076550672393,3/8,18893,3720,FALSE,Twitter for iPhone,"#RepealAndReplace #Obamacare
https://t.co/co5mMBv7Aa"
839625471071502336,3/8,18055,2518,FALSE,Twitter for iPhone,Met with @RepCummings today at the @WhiteHouse. Great discussion!
839625545948233730,3/8,30651,7506,FALSE,Twitter for iPhone,"Great news. We are only just beginning. Together, we are going to #MAGA! https://t.co/4QayxcKjoR https://t.co/fOuQkzzgRH"
839883896959483904,3/9,33467,5620,FALSE,Twitter for iPhone,"Despite what you hear in the press, healthcare is coming along great. We are talking to many groups and it will end in a beautiful picture!"
839901515712245760,3/9,18286,3538,FALSE,Twitter for iPhone,Great listening session with CEOs of community banks today at the @WhiteHouse! https://t.co/kQ8p2Y6nBV https://t.co/TyNGFWSpiM
839902400139919360,3/9,10827,1711,FALSE,Twitter for iPhone,Join @PressSec at https://t.co/9OsPtLVgfw for today's briefing!
839926426753183744,3/9,19917,3950,FALSE,Twitter for iPhone,Great legislative affairs meeting this afternoon at the @WhiteHouse. https://t.co/Pu3cx6Jj2E
839978944543752193,3/9,21195,3771,FALSE,Twitter for iPhone,Honored to meet this years @SenateYouth delegates w/ @VP Pence in the East Room of the @WhiteHouse. Congratulations‚Ä¶ https://t.co/NuZIDEJlLm
840226451551051776,3/10,13755,2718,FALSE,Twitter for iPhone,"Weekly Address - 11:00 A.M. at the @WhiteHouse! #MAGAüá∫üá∏
‚û°Ô∏èhttps://t.co/EMAjO07GuJ https://t.co/RjOook4k0I"
840268068853014528,3/10,10240,1643,FALSE,Twitter for iPhone,Join @PressSec live- coming up soon! https://t.co/EOpAFnlG7W
840269011770318848,3/10,15516,3116,FALSE,Twitter for iPhone,Great meeting w/ the healthcare specific House Committee Leadership this afternoon at the @WhiteHouse. #ReadTheBill‚Ä¶ https://t.co/yDofamvQ8r
840270290483593217,3/10,30881,5769,FALSE,Twitter for iPhone,We are taking steps to stabilize health insurance markets and start bringing down costs for MILLIONS of people affected by #Obamacare.
840286677637746689,3/10,14055,3619,FALSE,Twitter for iPhone,"Three-Pronged Approach to REPEAL AND REPLACE #Obamacare! 
‚û°Ô∏èhttps://t.co/XCYPOc0bzi https://t.co/vSLVJ6KXao"
840558072334548992,3/11,14458,3389,FALSE,Twitter for iPhone,#ReadTheBill: https://t.co/jb8Yoyftyz https://t.co/d9kVtHW1bk
840568025250189312,3/11,12630,2407,FALSE,Twitter for iPhone,"#ICYMI- Weekly Address:
https://t.co/EMAjO07GuJ https://t.co/ZqPAERhu8C"
840575046003367936,3/11,31826,5086,FALSE,Twitter for iPhone,We are making great progress with healthcare. ObamaCare is imploding and will only get worse. Republicans coming together to get job done!
840602660478820352,3/11,0,1803,FALSE,Twitter for iPhone,"RT @VP: LISTEN LIVE as I deliver remarks at @HarshawTrane in Louisville, KY. https://t.co/EEgtfnO4KB"
840674990781542400,3/11,0,4377,FALSE,Twitter for iPhone,RT @WhiteHouse: .@POTUS Trump's First 50 Days of Action: Achieving Results for the American People https://t.co/Xw15oqp712 https://t.co/HMD‚Ä¶
840675833937330177,3/11,31456,7777,FALSE,Twitter for iPhone,#MakeAmericaGreatAgainüá∫üá∏ https://t.co/hDtpbl4oA9
841280320322306049,3/13,37927,6820,FALSE,Twitter for iPhone,"It is amazing how rude much of the media is to my very hard working representatives. Be nice, you will do much better!"
841280466720309248,3/13,28500,5119,FALSE,Twitter for iPhone,"ObamaCare is imploding. It is a disaster and 2017 will be the worst year yet, by far! Republicans will come together and save the day."
841300388762509312,3/13,10980,2147,FALSE,Twitter Web Client,#RepealAndReplace #Obamacare https://t.co/RO5aXJLadw https://t.co/SLuVWiU1cN
841338416889491458,3/13,12460,2292,FALSE,Twitter for iPhone,Healthcare listening session w/ @VP &amp; @SecPriceMD. Watch: https://t.co/RO5aXJLadw #ReadTheBill:‚Ä¶ https://t.co/MTwusn80GT
841342785684922369,3/13,23605,5652,FALSE,Twitter for iPhone,Everyone along the east coast be safe and listen to local officials as a major winter storm approaches. @NWS‚Ä¶ https://t.co/2OUG6NMuSe
841364009110687746,3/13,0,2421,FALSE,Twitter for iPhone,"RT @SecPriceMD: States need flexibility to develop #healthcare models that meet the needs of their communities, that ‚Üë access ‚Üë affordabili‚Ä¶"
841391200322105344,3/13,23572,4860,FALSE,Twitter for iPhone,Proud to welcome our great Cabinet members to the @WhiteHouse this afternoon with @VP Pence. https://t.co/nwnSqk8wST
841403658491301893,3/13,23143,6731,FALSE,Twitter for iPhone,"If Obamacare is so great, why'd they spend tens of millions of taxpayer dollars to 'hype' it? BAD! #RepealAndReplace https://t.co/5mur5pIFQz"
841418162851700736,3/13,16343,2964,FALSE,Twitter for iPhone,"Meeting w/ Washington, D.C. @MayorBowser and Metro GM Paul Wiedefeld about incoming winter storm preparations here‚Ä¶ https://t.co/NaadHfk7eB"
841419266561835009,3/13,0,2964,FALSE,Twitter for iPhone,"RT @POTUS: Meeting w/ Washington, D.C. @MayorBowser and Metro GM Paul Wiedefeld about incoming winter storm preparations here in D.C. Every‚Ä¶"
841424451648552961,3/13,13715,3863,FALSE,Twitter for iPhone,#Obamacare has led toüìàcosts &amp; fewerüìâhealth insurance options for millions of Americans. How has it impacted you? ‚û°Ô∏è‚Ä¶ https://t.co/lphGtjak4Y
841666212190928901,3/14,31279,7880,FALSE,Twitter for iPhone,"JOBS, JOBS, JOBS! https://t.co/FUwemhEaDK"
841683471428964353,3/14,19375,3611,FALSE,Twitter for iPhone,Great optimism in America ‚Äì and the results will be even better! https://t.co/TwsySB06ac
841749757726978050,3/14,18350,3648,FALSE,Twitter for iPhone,Congratulations Seema! https://t.co/abG2Wc5I0H
841787137372635136,3/14,0,3424,FALSE,Twitter Web Client,RT @WhiteHouse: Stories like Mr. Summers' are why @POTUS is fighting to #RepealAndReplace #Obamacare. Share your story here: https://t.co/d‚Ä¶
841812296594776064,3/15,0,2527,FALSE,Twitter for iPhone,"RT @Scavino45: Join @POTUS @realDonaldTrump's team on Twitter -- @Cabinet! 
#MakeAmericaGreatAgainüá∫üá∏ https://t.co/Bq6ewpPjIk"
841996129856282624,3/15,35607,9018,FALSE,Twitter for iPhone,"Can you imagine what the outcry would be if @SnoopDogg, failing career and all, had aimed and fired the gun at President Obama? Jail time!"
841996445884526593,3/15,30304,4913,FALSE,Twitter for iPhone,"Will be going to Detroit, Michigan (love), today for a big meeting on bringing back car production to State &amp; U.S. Already happening!"
842005251720908800,3/15,25648,4446,FALSE,Twitter for iPhone,CEO's most optimistic since 2009. It will only get better as we continue to slash unnecessary regulations and when we begin our big tax cut!
842036370419929089,3/15,0,3368,FALSE,Twitter Web Client,RT @WhiteHouse: .@POTUS is fighting to #RepealAndReplace #Obamacare because of stories like Mrs. Couey's. Share your own story: https://t.c‚Ä¶
842076931482890243,3/15,13161,2300,FALSE,Twitter Web Client,Join me LIVE as I deliver remarks at the American Center for Mobility ‚û°Ô∏è https://t.co/R12kH3S6Ap https://t.co/rQgH8Xw3n1
842089893459300352,3/15,23686,4709,FALSE,Twitter Web Client,"""We are not simply here to honor the past, but to devote ourselves to a new future of American Automotive Leadershi‚Ä¶ https://t.co/YAxFmNMYc8"
842090674275155969,3/15,23406,5784,FALSE,Twitter Web Client,#BuyAmericanHireAmerican: it's a pledge! https://t.co/93VihEM5Yn
842091489563926528,3/15,17451,3612,FALSE,Twitter Web Client,#MakeAmericaGreatAgain ‚û°Ô∏è https://t.co/R12kH3S6Ap https://t.co/wGnKwFgceJ
842117325490933760,3/15,23999,3892,FALSE,Twitter for iPhone,I will be interviewed by @TuckerCarlson tonight at 9:00 P.M. on @FoxNews. Enjoy!
842139935578722304,3/15,33711,7588,FALSE,Twitter for iPhone,Andrew Jackson: We thank you for your service. We honor your memory. We build on your legacy &amp; we thank God for the‚Ä¶ https://t.co/D3hXIYeutZ
842403424486449152,3/16,25365,5194,FALSE,Twitter for iPhone,A budget that puts #AmericaFirst must make safety its no. 1 priority‚Äîwithout safety there can be no prosperity: https://t.co/A0tlzHutF8
842470730205913088,3/16,15199,2668,FALSE,Twitter for iPhone,"Congratulations @SenDanCoats!
#MakeAmericaGreatAgainüá∫üá∏ https://t.co/b3KjESNdyG"
842472370141052928,3/16,33880,7370,FALSE,Twitter for iPhone,We will rebuild our MILITARY. We will keep our people SAFE. We will take care of our VETS. We will put #AmericaFirst https://t.co/A0tlzHutF8
842506738314166272,3/16,26828,3903,FALSE,Twitter for iPhone,Great progress on healthcare. Improvements being made - Republicans coming together!
842506837815640064,3/16,24444,3991,FALSE,Twitter for iPhone,My representatives had a great meeting w/ the Hispanic Chamber of Commerce at the WH today. Look forward to tremendous growth &amp; future mtgs!
842551360822415361,3/17,0,2034,FALSE,Twitter for iPhone,RT @DanScavino: Join @POTUS @Cabinet on Twitter! @SecPriceMD @EPAScottPruitt @SecElaineChao @SecretaryZinke @SecretaryCarson @SecretaryPerr‚Ä¶
842731171498938368,3/17,24956,4032,FALSE,Twitter for iPhone,Happy L√° Fheile Phadraig to all of my great Irish friends!
842731249038999554,3/17,27524,5611,FALSE,Twitter for iPhone,"North Korea is behaving very badly. They have been ""playing"" the United States for years. China has done little to help!"
842735618677506048,3/17,0,2808,FALSE,Twitter for iPhone,"RT @WhiteHouse: Today @POTUS welcomes the Chancellor of Germany, Angela Merkel, to the White House. 

Watch their press conference: https:/‚Ä¶"
842752987772674048,3/17,18844,3934,FALSE,Twitter for iPhone,Attending a great listening session with @DeptVetAffairs @SecShulkin in the Roosevelt Room. We are going to take ca‚Ä¶ https://t.co/yThFvucOcy
842832911644725248,3/17,15968,2633,FALSE,Twitter for iPhone,Great meeting with the @RepublicanStudy Committee this morning at the @WhiteHouse! https://t.co/U8gaHBVmW7
842843417004724225,3/17,0,3229,FALSE,Twitter Web Client,RT @WhiteHouse: Stories like Dr. Armstrong's are why @POTUS is fighting to #RepealAndReplace #Obamacare. Share your story here: https://t.c‚Ä¶
842872275980423168,3/17,16617,3855,FALSE,Twitter Web Client,Weekly Address - 11:00 A.M. tomorrow! #MAGA üá∫üá∏ ‚û°Ô∏è https://t.co/ztQkg5Niwv https://t.co/P7n7b8T2cD
843135385731522561,3/18,33903,7089,FALSE,Twitter for iPhone,"It's time to put #AmericaFirst when it comes to how we spend taxpayers' money. We will keep our people safe! 
https://t.co/A0tlzHutF8"
843138446646501376,3/18,29052,5832,FALSE,Twitter for iPhone,"Despite what you have heard from the FAKE NEWS, I had a GREAT meeting with German Chancellor Angela Merkel. Nevertheless, Germany owes..."
843138551239905281,3/18,20704,4219,FALSE,Twitter for iPhone,"...vast sums of money to NATO &amp; the United States must be paid more for the powerful, and very expensive, defense it provides to Germany!"
843190961572368385,3/18,0,3434,FALSE,Twitter for iPhone,RT @WhiteHouse: Stories like Ms. Sertich's are why @POTUS is fighting to #RepealAndReplace #Obamacare. Share your story here: https://t.co/‚Ä¶
843444969532788737,3/19,0,3533,FALSE,Twitter for iPhone,RT @WhiteHouse: #ICYMI: Watch @POTUS' Weekly Address https://t.co/99jsORXx4T https://t.co/qysLcgrfNK
843495867655032833,3/19,0,3336,FALSE,Twitter for iPhone,RT @WhiteHouse: Stories like Dr. Sethi's are why @POTUS is fighting to #RepealAndReplace #Obamacare. Share your story here: https://t.co/dz‚Ä¶
843863057516380161,3/20,28198,13274,FALSE,Twitter for iPhone,FBI Director Comey refuses to deny he briefed President Obama on calls made by Michael Flynn to Russia. https://t.co/cUZ5KgBSYP
843865267008655360,3/20,31780,13491,FALSE,Twitter for iPhone,The NSA and FBI tell Congress that Russia did not influence electoral process. https://t.co/d9HqkxYBt5
843867194954076161,3/20,18067,5574,FALSE,Twitter for iPhone,NSA Director Rogers tells Congress unmasking individuals endangers national security. https://t.co/jTwjPINvNh
843876462113554437,3/20,22792,8042,FALSE,Twitter for iPhone,FBI Director Comey says classified leaks to the media have been ‚Äúunusually active‚Äù recently. https://t.co/WumDJSqaFA
843881258593796098,3/20,21852,8269,FALSE,Twitter for iPhone,FBI Director Comey admits Obama‚Äôs White House had ability to ‚Äúunmask‚Äù American citizens. https://t.co/gIo6it9NcQ
843902944579936256,3/20,24459,8677,FALSE,Twitter for iPhone,"FBI Director Comey: fmr. DNI Clapper ""right"" to say no evidence of collusion between Russia and Trump Campaign.‚Ä¶ https://t.co/nUMYPlJQdd"
844195400072486912,3/21,0,1887,FALSE,Twitter Web Client,RT @WhiteHouse: Join us LIVE as @POTUS signs the NASA Transition Authorization Act of 2017: https://t.co/5Vij4Hxejg https://t.co/43WyVVzVyq
844197090615934976,3/21,32752,8615,FALSE,Media Studio,Judge Gorsuch is the kind of judge we need on #SCOTUS - someone with a brilliant legal mind &amp; a commitment to const‚Ä¶ https://t.co/xBrIfE4zi3
844211760416604161,3/21,0,3310,FALSE,Twitter Web Client,RT @GorsuchFacts: Judge Gorsuch's record speaks for itself. #ConfirmGorsuch #SCOTUS https://t.co/XBLe1Qgmsb
844233605849268224,3/21,12916,2331,FALSE,Twitter for iPhone,Joined the @HouseGOP Conference this morning at the U.S. Capitol. https://t.co/5kRYOAIaCY #PassTheBill #MAGAüá∫üá∏‚Ä¶ https://t.co/XH0BkfAcIK
844240632331866112,3/21,25117,5851,FALSE,Twitter for iPhone,"Honored to sign S.442 today. With this legislation, we support @NASA's scientists, engineers, and astronauts in the‚Ä¶ https://t.co/vT6kc10d85"
844253966460436480,3/21,20392,5189,FALSE,Twitter for iPhone,#ConfirmGorsuch #SCOTUS https://t.co/ivDbR6KBKZ
844255118291845120,3/21,16606,3567,FALSE,Twitter for iPhone,#ConfirmGorsuch #SCOTUS https://t.co/9dTQDCmh3X
844258377299611650,3/21,23957,6201,FALSE,Twitter for iPhone,#ConfirmGorsuch #SCOTUS https://t.co/EnzFXVMp1M
844275965941485568,3/21,0,2526,FALSE,Twitter for iPhone,"RT @USDA: .@POTUS Proclaims March 21, 2017, as National Agriculture Day: https://t.co/EW14ZZdHkV #NationalAgDay"
844638594878857217,3/22,40584,10567,FALSE,Twitter for iPhone,I spoke with PM Theresa May of the United Kingdom to offer my condolences on today's terror attack in London....‚Ä¶ https://t.co/5FclJUWvr5
844873366104244225,3/23,22195,5524,FALSE,Media Studio,You were given many lies with #Obamacare! Go with our plan! Call your Rep &amp; let them know you're behind #AHCA ‚û°Ô∏è‚Ä¶ https://t.co/8J14RnhOVG
844951731050074112,3/23,17034,3998,FALSE,Twitter for iPhone,We must #RepealANDReplace #Obamacare for the millions that are suffering. Tell your Rep you support #AHCA. Locator‚Ä¶ https://t.co/If95ybn03H
845069278915235840,3/24,27283,6138,FALSE,Twitter for iPhone,Disastrous #Obamacare has led to higher costs &amp; fewer options. It will only continue to get worse! We must #RepealANDReplace. #PassTheBill
845248036330766338,3/24,27459,4867,FALSE,Twitter for iPhone,"After seven horrible years of ObamaCare (skyrocketing premiums &amp; deductibles, bad healthcare), this is finally your chance for a great plan!"
845269215305195523,3/24,21228,4469,FALSE,Twitter for iPhone,"The irony is that the Freedom Caucus, which is very pro-life and against Planned Parenthood, allows P.P. to continue if they stop this plan!"
845287107321061381,3/24,17921,3413,FALSE,Twitter for iPhone,"THANK YOU! More conservative groups are endorsing #AHCA. @ACUConservative, @TeaPartyExpress and dozens more! #PassTheBill #RepealANDReplace"
845320378725621762,3/24,27927,5775,FALSE,Twitter for iPhone,"Today, I was pleased to announce the official approval of the presidential permit for the #KeystonePipeline. A grea‚Ä¶ https://t.co/W5j8gdZ6QZ"
845623077052526592,3/25,13529,2998,FALSE,Twitter for iPhone,Weekly Address - 11:00 A.M. today! ‚û°Ô∏èhttps://t.co/CppERgEPBf https://t.co/tDAbRHdAi7
845649960855113728,3/25,43834,9133,FALSE,Twitter for iPhone,ObamaCare will explode and we will all get together and piece together a great healthcare plan for THE PEOPLE. Do not worry!
845650434891091968,3/25,18072,3956,FALSE,Twitter for iPhone,Thank you @SecretaryPerry &amp; @GregAbbott_TX! #MAGAüá∫üá∏ https://t.co/CkVRG1Vq7q
845697562875170819,3/25,0,4261,FALSE,Twitter for iPhone,"RT @NASA: Watch @WhiteHouse‚Äôs weekly address about NASA Authorization Act signed by @POTUS, continuing missions of exploration https://t.co‚Ä¶"
845781411940454400,3/25,46926,10471,FALSE,Twitter for iPhone,Thanks you for all of the Trump Rallies today. Amazing support. We will all MAKE AMERICA GREAT AGAIN! https://t.co/qSD1tYUhmP
846446865918783488,3/27,29943,7937,FALSE,Twitter Web Client,"Today I'm signing 4 bills under the Congressional Review Act that cancels regulations &amp; eliminates unnecessary, job‚Ä¶ https://t.co/E8Ev8dnPfn"
846447280228110339,3/27,45999,10444,FALSE,Twitter Web Client,"I'll keep working with Congress, agencies, and the American people until we eliminate every unnecessary, job-killing regulation we can find!"
846745344528568320,3/28,24005,5447,FALSE,Twitter for iPhone,"The failing @NYTimes would do much better if they were honest! 
https://t.co/TWtQcfXfS4"
846786537648017408,3/28,0,2007,FALSE,Twitter Web Client,RT @EPA: .@POTUS is at EPA today to announce an executive order directing us to review the Clean Power Plan. Watch it live: https://t.co/Be‚Ä¶
846786654950100992,3/28,23102,4867,FALSE,Twitter for iPhone,With the fraternal order of police in the Oval Office - after a great listening session in the Roosevelt Room at th‚Ä¶ https://t.co/bfCWNQGNRq
846841556690722817,3/28,17317,3513,FALSE,Twitter for iPhone,"A NEW ERA IN AMERICAN ENERGY! 
#MadeInTheUSAüá∫üá∏
Watch here: https://t.co/cOb8TyTIq6 https://t.co/btBTQBE2Kc"
846883082842128384,3/29,39347,10341,FALSE,Twitter for iPhone,"Tonight I'm proud to sign S. 305, which encourages the display of the U.S. flag on National Vietnam War Veterans Da‚Ä¶ https://t.co/yH56XTXjTs"
846904972671238144,3/29,0,5142,FALSE,Twitter for iPhone,"RT @FLOTUS: .@POTUS and I enjoyed hosting members of the Senate &amp; guests this evening, along w @VP &amp; @SecondLady. Great conversation &amp; musi‚Ä¶"
846906227867078658,3/29,23462,5939,FALSE,Twitter for iPhone,My action today is the latest in a series of steps to create American jobs and to grow American wealth! #MAGA ‚û°Ô∏è‚Ä¶ https://t.co/Q82PI9yMTQ
847077970900602881,3/29,36005,7406,FALSE,Twitter for iPhone,If the people of our great country could only see how viciously and inaccurately my administration is covered by certain media! -DJT
847271367518978048,3/30,0,16682,FALSE,Twitter for iPhone,"RT @realDonaldTrump: Today we honored our true American heroes on the first-ever National Vietnam War Veterans Day.
#ThankAVeteran https://‚Ä¶"
847272101086085121,3/30,14857,2480,FALSE,Twitter for iPhone,".@FLOTUS and I stopped by the Women's Empowerment Panel in the East Room of the @WhiteHouse today. #ICYMI, watch: https://t.co/HKTRfIvPFy"
847273540940214272,3/30,0,2804,FALSE,Twitter for iPhone,"RT @SecShulkin: On this #NationalVietnamWarVeteransDay, we thank our #Vietnam Veterans for serving. https://t.co/HSEpI6AHw2 https://t.co/0O‚Ä¶"
847274301493354496,3/30,18604,3520,FALSE,Twitter for iPhone,Congratulations David Friedman! https://t.co/8PGfIybRzZ
847499963894349824,3/30,0,2306,FALSE,Twitter Web Client,"RT @WhiteHouse: Today @POTUS welcomes the Prime Minister of Denmark, @larsloekke, to the White House. https://t.co/htp6HYTbvs"
847511002430214144,3/30,29790,8040,FALSE,Twitter for iPhone,#ConfirmGorsuch #SCOTUS https://t.co/k2FiTsHbBf
847589453883461632,3/30,11709,2598,FALSE,Media Studio,Weekly Address - 10:00 A.M. tomorrow! #MAGA ‚û°Ô∏è https://t.co/umsr7N7YHN https://t.co/2kIysOYVCw
847616591609044993,3/31,11112,2037,FALSE,Twitter for iPhone,Great op-ed from @RepKenBuck. Looks like some in the Freedom Caucus are helping me end #Obamacare. https://t.co/c7z1ZKSlbh
847619539122573312,3/31,12176,2241,FALSE,Twitter for iPhone,"If @RepMarkMeadows, @Jim_Jordan and @Raul_Labrador would get on board we would have both great healthcare and massive tax cuts &amp; reform."
847619972985520129,3/31,15521,2926,FALSE,Twitter for iPhone,The meeting next week with China will be a very difficult one in that we can no longer have massive trade....cont‚û°Ô∏èhttps://t.co/dgoliP8yhI
847630605042962432,3/31,19565,4292,FALSE,Twitter for iPhone,Only by enlisting the full potential of women in our society will we be truly able to #MakeAmericaGreatAgainüá∫üá∏‚Ä¶ https://t.co/SFEUiMFDnr
847807361825820672,3/31,0,1430,FALSE,Twitter for iPhone,RT @WhiteHouse: Tune in for @POTUS' Weekly Address at 10am: https://t.co/0iMrRnSa8V https://t.co/9A5GxWlCHk
847821368334983168,3/31,15192,2586,FALSE,Twitter for iPhone,"It was an honor to welcome the Prime Minister of Denmark, Lars L√∏kke Rasmussen {@larsloekke} to the @WhiteHouse yes‚Ä¶ https://t.co/pRWTp4VMwg"
847849421694013440,3/31,20772,5135,FALSE,Twitter for iPhone,A new surge in optimism is sweeping across our land! #MakeAmericaGreatAgain üá∫üá∏ https://t.co/abY0G6CQOZ https://t.co/Qm8nUN1k80
847863297454084099,3/31,25862,4806,FALSE,Twitter for iPhone,"Great meeting with a wonderful woman today, former Secretary of State, Condoleezza Rice! #USAüá∫üá∏ https://t.co/1bMfa21c5E"
847867550213996544,3/31,18460,4379,FALSE,Twitter for iPhone,#ConfirmGorsuch #SCOTUS https://t.co/zXPQH5zSfN
847883708849901568,3/31,0,2042,FALSE,Twitter for iPhone,RT @WhiteHouse: Watch LIVE as @POTUS signs executive orders regarding trade: https://t.co/Ao8fuZWbOQ https://t.co/lwO8BqGaEl
847895681545195521,3/31,16841,3858,FALSE,Twitter for iPhone,Trump Celebrates American Manufacturing Survey Showing Highest Level of Optimism in 20 Years' ‚û°Ô∏è‚Ä¶ https://t.co/xss8JRYnco